--------------------------------------------------------
--  File created - œroda-czerwiec-10-2020   
--------------------------------------------------------
-- Unable to render SEQUENCE DDL for object STUDENT.ISEQ$$_92309 with DBMS_METADATA attempting internal generator.
CREATE SEQUENCE ISEQ$$_92309 INCREMENT BY 1 MAXVALUE 9999999999999999999999999999 MINVALUE 1 CACHE 20
-- Unable to render SEQUENCE DDL for object STUDENT.ISEQ$$_92319 with DBMS_METADATA attempting internal generator.
CREATE SEQUENCE ISEQ$$_92319 INCREMENT BY 1 MAXVALUE 9999999999999999999999999999 MINVALUE 1 CACHE 20
-- Unable to render SEQUENCE DDL for object STUDENT.ISEQ$$_92326 with DBMS_METADATA attempting internal generator.
CREATE SEQUENCE ISEQ$$_92326 INCREMENT BY 1 MAXVALUE 9999999999999999999999999999 MINVALUE 1 CACHE 20
-- Unable to render SEQUENCE DDL for object STUDENT.ISEQ$$_92329 with DBMS_METADATA attempting internal generator.
CREATE SEQUENCE ISEQ$$_92329 INCREMENT BY 1 MAXVALUE 9999999999999999999999999999 MINVALUE 1 CACHE 20
-- Unable to render SEQUENCE DDL for object STUDENT.ISEQ$$_92332 with DBMS_METADATA attempting internal generator.
CREATE SEQUENCE ISEQ$$_92332 INCREMENT BY 1 MAXVALUE 9999999999999999999999999999 MINVALUE 1 CACHE 20
-- Unable to render SEQUENCE DDL for object STUDENT.ISEQ$$_92335 with DBMS_METADATA attempting internal generator.
CREATE SEQUENCE ISEQ$$_92335 INCREMENT BY 1 MAXVALUE 9999999999999999999999999999 MINVALUE 1 CACHE 20
-- Unable to render SEQUENCE DDL for object STUDENT.ISEQ$$_92364 with DBMS_METADATA attempting internal generator.
CREATE SEQUENCE ISEQ$$_92364 INCREMENT BY 1 MAXVALUE 9999999999999999999999999999 MINVALUE 1 CACHE 20
-- Unable to render SEQUENCE DDL for object STUDENT.ISEQ$$_92367 with DBMS_METADATA attempting internal generator.
CREATE SEQUENCE ISEQ$$_92367 INCREMENT BY 1 MAXVALUE 9999999999999999999999999999 MINVALUE 1 CACHE 20
-- Unable to render SEQUENCE DDL for object STUDENT.ISEQ$$_92370 with DBMS_METADATA attempting internal generator.
CREATE SEQUENCE ISEQ$$_92370 INCREMENT BY 1 MAXVALUE 9999999999999999999999999999 MINVALUE 1 CACHE 20
--------------------------------------------------------
--  DDL for Table AUTORZY
--------------------------------------------------------

  CREATE TABLE "STUDENT"."AUTORZY" 
   (	"ID_AUTORA" NUMBER GENERATED ALWAYS AS IDENTITY MINVALUE 1 MAXVALUE 9999999999999999999999999999 INCREMENT BY 1 START WITH 1 CACHE 20 NOORDER  NOCYCLE , 
	"IMIE" VARCHAR2(20 BYTE), 
	"NAZWISKO" VARCHAR2(20 BYTE)
   ) SEGMENT CREATION IMMEDIATE 
  PCTFREE 10 PCTUSED 40 INITRANS 1 MAXTRANS 255 
 NOCOMPRESS LOGGING
  STORAGE(INITIAL 65536 NEXT 1048576 MINEXTENTS 1 MAXEXTENTS 2147483645
  PCTINCREASE 0 FREELISTS 1 FREELIST GROUPS 1
  BUFFER_POOL DEFAULT FLASH_CACHE DEFAULT CELL_FLASH_CACHE DEFAULT)
  TABLESPACE "TMP_2K" ;
--------------------------------------------------------
--  DDL for Table CZYTELNICY
--------------------------------------------------------

  CREATE TABLE "STUDENT"."CZYTELNICY" 
   (	"ID_CZYTELNIKA" NUMBER GENERATED ALWAYS AS IDENTITY MINVALUE 1 MAXVALUE 9999999999999999999999999999 INCREMENT BY 1 START WITH 1 CACHE 20 NOORDER  NOCYCLE , 
	"IMIE" VARCHAR2(20 BYTE), 
	"NAZWISKO" VARCHAR2(20 BYTE), 
	"TELEFON" VARCHAR2(20 BYTE), 
	"EMAIL" VARCHAR2(20 BYTE), 
	 CONSTRAINT "CZYTELNICY_PK" PRIMARY KEY ("ID_CZYTELNIKA") ENABLE
   ) ORGANIZATION INDEX NOCOMPRESS PCTFREE 10 INITRANS 2 MAXTRANS 255 LOGGING
  STORAGE(INITIAL 65536 NEXT 1048576 MINEXTENTS 1 MAXEXTENTS 2147483645
  PCTINCREASE 0 FREELISTS 1 FREELIST GROUPS 1
  BUFFER_POOL DEFAULT FLASH_CACHE DEFAULT CELL_FLASH_CACHE DEFAULT)
  TABLESPACE "TMP_2K" 
 PCTTHRESHOLD 50;
--------------------------------------------------------
--  DDL for Table EGZEMPLARZE
--------------------------------------------------------

  CREATE TABLE "STUDENT"."EGZEMPLARZE" 
   (	"ID_EGZEMPLARZA" NUMBER GENERATED ALWAYS AS IDENTITY MINVALUE 1 MAXVALUE 9999999999999999999999999999 INCREMENT BY 1 START WITH 1 CACHE 20 NOORDER  NOCYCLE , 
	"ID_KSIAZKI" NUMBER, 
	"WYPOZYCZONA" NUMBER
   ) SEGMENT CREATION IMMEDIATE 
  PCTFREE 10 PCTUSED 40 INITRANS 1 MAXTRANS 255 
 NOCOMPRESS LOGGING
  STORAGE(INITIAL 65536 NEXT 1048576 MINEXTENTS 1 MAXEXTENTS 2147483645
  PCTINCREASE 0 FREELISTS 1 FREELIST GROUPS 1
  BUFFER_POOL DEFAULT FLASH_CACHE DEFAULT CELL_FLASH_CACHE DEFAULT)
  TABLESPACE "TMP_2K" ;
--------------------------------------------------------
--  DDL for Table KATEGORIE
--------------------------------------------------------

  CREATE TABLE "STUDENT"."KATEGORIE" 
   (	"ID_KATEGORII" NUMBER GENERATED ALWAYS AS IDENTITY MINVALUE 1 MAXVALUE 9999999999999999999999999999 INCREMENT BY 1 START WITH 1 CACHE 20 NOORDER  NOCYCLE , 
	"NAZWA" VARCHAR2(20 BYTE)
   ) SEGMENT CREATION IMMEDIATE 
  PCTFREE 10 PCTUSED 40 INITRANS 1 MAXTRANS 255 
 NOCOMPRESS LOGGING
  STORAGE(INITIAL 65536 NEXT 1048576 MINEXTENTS 1 MAXEXTENTS 2147483645
  PCTINCREASE 0 FREELISTS 1 FREELIST GROUPS 1
  BUFFER_POOL DEFAULT FLASH_CACHE DEFAULT CELL_FLASH_CACHE DEFAULT)
  TABLESPACE "TMP_2K" ;
--------------------------------------------------------
--  DDL for Table KSIAZKI
--------------------------------------------------------

  CREATE TABLE "STUDENT"."KSIAZKI" 
   (	"ID_KSIAZKI" NUMBER GENERATED ALWAYS AS IDENTITY MINVALUE 1 MAXVALUE 9999999999999999999999999999 INCREMENT BY 1 START WITH 1 CACHE 20 NOORDER  NOCYCLE , 
	"TYTUL" VARCHAR2(50 BYTE), 
	"ID_WYDAWNICTWA" NUMBER, 
	"OPIS" VARCHAR2(200 BYTE), 
	"OCENA" NUMBER, 
	"ROK_WYDANIA" NUMBER, 
	"IMG_URL" VARCHAR2(250 BYTE)
   ) SEGMENT CREATION IMMEDIATE 
  PCTFREE 10 PCTUSED 40 INITRANS 1 MAXTRANS 255 
 NOCOMPRESS LOGGING
  STORAGE(INITIAL 65536 NEXT 1048576 MINEXTENTS 1 MAXEXTENTS 2147483645
  PCTINCREASE 0 FREELISTS 1 FREELIST GROUPS 1
  BUFFER_POOL DEFAULT FLASH_CACHE DEFAULT CELL_FLASH_CACHE DEFAULT)
  TABLESPACE "TMP_2K" ;
--------------------------------------------------------
--  DDL for Table KSIAZKI_AUTORZY
--------------------------------------------------------

  CREATE TABLE "STUDENT"."KSIAZKI_AUTORZY" 
   (	"ID_KSIAZKI" NUMBER, 
	"ID_AUTORA" NUMBER
   ) SEGMENT CREATION IMMEDIATE 
  PCTFREE 10 PCTUSED 40 INITRANS 1 MAXTRANS 255 
 NOCOMPRESS LOGGING
  STORAGE(INITIAL 65536 NEXT 1048576 MINEXTENTS 1 MAXEXTENTS 2147483645
  PCTINCREASE 0 FREELISTS 1 FREELIST GROUPS 1
  BUFFER_POOL DEFAULT FLASH_CACHE DEFAULT CELL_FLASH_CACHE DEFAULT)
  TABLESPACE "TMP_2K" ;
--------------------------------------------------------
--  DDL for Table KSIAZKI_KATEGORIE
--------------------------------------------------------

  CREATE TABLE "STUDENT"."KSIAZKI_KATEGORIE" 
   (	"ID_KSIAZKI" NUMBER, 
	"ID_KATEGORII" NUMBER
   ) SEGMENT CREATION IMMEDIATE 
  PCTFREE 10 PCTUSED 40 INITRANS 1 MAXTRANS 255 
 NOCOMPRESS LOGGING
  STORAGE(INITIAL 65536 NEXT 1048576 MINEXTENTS 1 MAXEXTENTS 2147483645
  PCTINCREASE 0 FREELISTS 1 FREELIST GROUPS 1
  BUFFER_POOL DEFAULT FLASH_CACHE DEFAULT CELL_FLASH_CACHE DEFAULT)
  TABLESPACE "TMP_2K" ;
--------------------------------------------------------
--  DDL for Table PRACOWNICY
--------------------------------------------------------

  CREATE TABLE "STUDENT"."PRACOWNICY" 
   (	"ID_PRACOWNIKA" NUMBER GENERATED ALWAYS AS IDENTITY MINVALUE 1 MAXVALUE 9999999999999999999999999999 INCREMENT BY 1 START WITH 1 CACHE 20 NOORDER  NOCYCLE , 
	"LOGIN" VARCHAR2(20 BYTE), 
	"HASLO" VARCHAR2(20 BYTE), 
	"IMIE" VARCHAR2(20 BYTE), 
	"NAZWISKO" VARCHAR2(20 BYTE), 
	"WYPLATA" NUMBER
   ) SEGMENT CREATION IMMEDIATE 
  PCTFREE 10 PCTUSED 40 INITRANS 1 MAXTRANS 255 
 NOCOMPRESS LOGGING
  STORAGE(INITIAL 65536 NEXT 1048576 MINEXTENTS 1 MAXEXTENTS 2147483645
  PCTINCREASE 0 FREELISTS 1 FREELIST GROUPS 1
  BUFFER_POOL DEFAULT FLASH_CACHE DEFAULT CELL_FLASH_CACHE DEFAULT)
  TABLESPACE "TMP_2K" ;
--------------------------------------------------------
--  DDL for Table WYDAWNICTWA
--------------------------------------------------------

  CREATE TABLE "STUDENT"."WYDAWNICTWA" 
   (	"ID_WYDAWNICTWA" NUMBER GENERATED ALWAYS AS IDENTITY MINVALUE 1 MAXVALUE 9999999999999999999999999999 INCREMENT BY 1 START WITH 1 CACHE 20 NOORDER  NOCYCLE , 
	"NAZWA" VARCHAR2(50 BYTE)
   ) SEGMENT CREATION IMMEDIATE 
  PCTFREE 10 PCTUSED 40 INITRANS 1 MAXTRANS 255 
 NOCOMPRESS LOGGING
  STORAGE(INITIAL 65536 NEXT 1048576 MINEXTENTS 1 MAXEXTENTS 2147483645
  PCTINCREASE 0 FREELISTS 1 FREELIST GROUPS 1
  BUFFER_POOL DEFAULT FLASH_CACHE DEFAULT CELL_FLASH_CACHE DEFAULT)
  TABLESPACE "TMP_2K" ;
--------------------------------------------------------
--  DDL for Table WYPOZYCZENIA
--------------------------------------------------------

  CREATE TABLE "STUDENT"."WYPOZYCZENIA" 
   (	"ID_WYPOZYCZENIA" NUMBER GENERATED ALWAYS AS IDENTITY MINVALUE 1 MAXVALUE 9999999999999999999999999999 INCREMENT BY 1 START WITH 1 CACHE 20 NOORDER  NOCYCLE , 
	"DATA_WYPOZYCZENIA" DATE, 
	"ID_EGZEMPLARZA" NUMBER, 
	"ID_CZYTELNIKA" NUMBER, 
	"ID_PRACOWNIKA" NUMBER, 
	"ILOSC_PROLONGACJI" NUMBER, 
	"ODDANO" NUMBER, 
	"DATA_ZWROTU" DATE
   ) SEGMENT CREATION IMMEDIATE 
  PCTFREE 10 PCTUSED 40 INITRANS 1 MAXTRANS 255 
 NOCOMPRESS LOGGING
  STORAGE(INITIAL 65536 NEXT 1048576 MINEXTENTS 1 MAXEXTENTS 2147483645
  PCTINCREASE 0 FREELISTS 1 FREELIST GROUPS 1
  BUFFER_POOL DEFAULT FLASH_CACHE DEFAULT CELL_FLASH_CACHE DEFAULT)
  TABLESPACE "TMP_2K" ;
--------------------------------------------------------
--  DDL for View AUTORZYVIEW
--------------------------------------------------------

  CREATE OR REPLACE FORCE EDITIONABLE VIEW "STUDENT"."AUTORZYVIEW" ("ID_KSIAZKI", "TYTUL", "ID_WYDAWNICTWA", "OPIS", "OCENA", "ROK_WYDANIA", "ID_AUTORA", "IMIE", "NAZWISKO") AS 
  SELECT distinct  KSIAZKI."ID_KSIAZKI",KSIAZKI."TYTUL",KSIAZKI."ID_WYDAWNICTWA",KSIAZKI."OPIS",KSIAZKI."OCENA",KSIAZKI."ROK_WYDANIA",AUTORZY.ID_AUTORA,AUTORZY.IMIE,AUTORZY.NAZWISKO FROM KSIAZKI INNER JOIN ksiazki_autorzy ON ksiazki.id_ksiazki=ksiazki_autorzy.id_ksiazki INNER JOIN AUTORZY ON KSIAZKI_AUTORZY.ID_AUTORA=AUTORZY.ID_AUTORA;
--------------------------------------------------------
--  DDL for View KATEGORIEVIEW
--------------------------------------------------------

  CREATE OR REPLACE FORCE EDITIONABLE VIEW "STUDENT"."KATEGORIEVIEW" ("ID_KSIAZKI", "TYTUL", "ID_WYDAWNICTWA", "OPIS", "OCENA", "ROK_WYDANIA", "ID_KATEGORII", "NAZWA") AS 
  SELECT KSIAZKI."ID_KSIAZKI",KSIAZKI."TYTUL",KSIAZKI."ID_WYDAWNICTWA",KSIAZKI."OPIS",KSIAZKI."OCENA",KSIAZKI."ROK_WYDANIA",KATEGORIE.ID_KATEGORII,KATEGORIE.NAZWA FROM KSIAZKI INNER JOIN KSIAZKI_KATEGORIE ON ksiazki.id_ksiazki=ksiazki_KATEGORIE.id_ksiazki INNER JOIN KATEGORIE ON KSIAZKI_KATEGORIE.ID_KATEGORII=KATEGORIE.ID_KATEGORII;
REM INSERTING into STUDENT.AUTORZY
SET DEFINE OFF;
Insert into STUDENT.AUTORZY (ID_AUTORA,IMIE,NAZWISKO) values ('1','J.K.','Rowling');
Insert into STUDENT.AUTORZY (ID_AUTORA,IMIE,NAZWISKO) values ('2','J.R.R','Tolkien');
Insert into STUDENT.AUTORZY (ID_AUTORA,IMIE,NAZWISKO) values ('41','Henryk','Sienkiewicz');
Insert into STUDENT.AUTORZY (ID_AUTORA,IMIE,NAZWISKO) values ('21','Jacek','Dukaj');
REM INSERTING into STUDENT.CZYTELNICY
SET DEFINE OFF;
Insert into STUDENT.CZYTELNICY (ID_CZYTELNIKA,IMIE,NAZWISKO,TELEFON,EMAIL) values ('1','Stanisaw','Wêgrzyn','123321231','aa@aa.pl');
Insert into STUDENT.CZYTELNICY (ID_CZYTELNIKA,IMIE,NAZWISKO,TELEFON,EMAIL) values ('2','Maciek','Kamieñ','123321231','aa@aa.pl');
Insert into STUDENT.CZYTELNICY (ID_CZYTELNIKA,IMIE,NAZWISKO,TELEFON,EMAIL) values ('3','Krzysztof','Krawczyk','123321231','aa@aa.pl');
Insert into STUDENT.CZYTELNICY (ID_CZYTELNIKA,IMIE,NAZWISKO,TELEFON,EMAIL) values ('4','Marek','Wêgrzyn','123321231','aa@aa.pl');
Insert into STUDENT.CZYTELNICY (ID_CZYTELNIKA,IMIE,NAZWISKO,TELEFON,EMAIL) values ('21','Krzysztof','Ibisz','1231231','aa@bb.cc');
REM INSERTING into STUDENT.EGZEMPLARZE
SET DEFINE OFF;
Insert into STUDENT.EGZEMPLARZE (ID_EGZEMPLARZA,ID_KSIAZKI,WYPOZYCZONA) values ('101','62','0');
Insert into STUDENT.EGZEMPLARZE (ID_EGZEMPLARZA,ID_KSIAZKI,WYPOZYCZONA) values ('1','2','1');
Insert into STUDENT.EGZEMPLARZE (ID_EGZEMPLARZA,ID_KSIAZKI,WYPOZYCZONA) values ('21','22','0');
Insert into STUDENT.EGZEMPLARZE (ID_EGZEMPLARZA,ID_KSIAZKI,WYPOZYCZONA) values ('22','41','1');
Insert into STUDENT.EGZEMPLARZE (ID_EGZEMPLARZA,ID_KSIAZKI,WYPOZYCZONA) values ('23','22','0');
Insert into STUDENT.EGZEMPLARZE (ID_EGZEMPLARZA,ID_KSIAZKI,WYPOZYCZONA) values ('24','23','0');
Insert into STUDENT.EGZEMPLARZE (ID_EGZEMPLARZA,ID_KSIAZKI,WYPOZYCZONA) values ('25','24','0');
Insert into STUDENT.EGZEMPLARZE (ID_EGZEMPLARZA,ID_KSIAZKI,WYPOZYCZONA) values ('26','25','0');
Insert into STUDENT.EGZEMPLARZE (ID_EGZEMPLARZA,ID_KSIAZKI,WYPOZYCZONA) values ('28','41','0');
Insert into STUDENT.EGZEMPLARZE (ID_EGZEMPLARZA,ID_KSIAZKI,WYPOZYCZONA) values ('29','41','0');
Insert into STUDENT.EGZEMPLARZE (ID_EGZEMPLARZA,ID_KSIAZKI,WYPOZYCZONA) values ('30','22','0');
Insert into STUDENT.EGZEMPLARZE (ID_EGZEMPLARZA,ID_KSIAZKI,WYPOZYCZONA) values ('31','23','0');
Insert into STUDENT.EGZEMPLARZE (ID_EGZEMPLARZA,ID_KSIAZKI,WYPOZYCZONA) values ('32','23','0');
Insert into STUDENT.EGZEMPLARZE (ID_EGZEMPLARZA,ID_KSIAZKI,WYPOZYCZONA) values ('41','61','1');
Insert into STUDENT.EGZEMPLARZE (ID_EGZEMPLARZA,ID_KSIAZKI,WYPOZYCZONA) values ('42','61','1');
Insert into STUDENT.EGZEMPLARZE (ID_EGZEMPLARZA,ID_KSIAZKI,WYPOZYCZONA) values ('43','61','0');
Insert into STUDENT.EGZEMPLARZE (ID_EGZEMPLARZA,ID_KSIAZKI,WYPOZYCZONA) values ('44','62','1');
Insert into STUDENT.EGZEMPLARZE (ID_EGZEMPLARZA,ID_KSIAZKI,WYPOZYCZONA) values ('45','62','1');
Insert into STUDENT.EGZEMPLARZE (ID_EGZEMPLARZA,ID_KSIAZKI,WYPOZYCZONA) values ('46','63','1');
Insert into STUDENT.EGZEMPLARZE (ID_EGZEMPLARZA,ID_KSIAZKI,WYPOZYCZONA) values ('47','64','0');
Insert into STUDENT.EGZEMPLARZE (ID_EGZEMPLARZA,ID_KSIAZKI,WYPOZYCZONA) values ('48','64','0');
Insert into STUDENT.EGZEMPLARZE (ID_EGZEMPLARZA,ID_KSIAZKI,WYPOZYCZONA) values ('61','63','1');
Insert into STUDENT.EGZEMPLARZE (ID_EGZEMPLARZA,ID_KSIAZKI,WYPOZYCZONA) values ('62','63','0');
Insert into STUDENT.EGZEMPLARZE (ID_EGZEMPLARZA,ID_KSIAZKI,WYPOZYCZONA) values ('63','21','0');
Insert into STUDENT.EGZEMPLARZE (ID_EGZEMPLARZA,ID_KSIAZKI,WYPOZYCZONA) values ('64','21','1');
Insert into STUDENT.EGZEMPLARZE (ID_EGZEMPLARZA,ID_KSIAZKI,WYPOZYCZONA) values ('81','2','0');
REM INSERTING into STUDENT.KATEGORIE
SET DEFINE OFF;
Insert into STUDENT.KATEGORIE (ID_KATEGORII,NAZWA) values ('1','FANTASY');
Insert into STUDENT.KATEGORIE (ID_KATEGORII,NAZWA) values ('21','Horror');
REM INSERTING into STUDENT.KSIAZKI
SET DEFINE OFF;
Insert into STUDENT.KSIAZKI (ID_KSIAZKI,TYTUL,ID_WYDAWNICTWA,OPIS,OCENA,ROK_WYDANIA,IMG_URL) values ('2','Harry Potter i Kamieñ Filozoficzny','22','harry potter czêœæ 1','45','1996','https://www.swiatksiazki.pl/media/catalog/product/cache/a946e6dbdb55333e1c3d566a3e38b923/9/9/9999906647599.jpg');
Insert into STUDENT.KSIAZKI (ID_KSIAZKI,TYTUL,ID_WYDAWNICTWA,OPIS,OCENA,ROK_WYDANIA,IMG_URL) values ('41','Harry Potter i Czara ognia','1','Czwarta czêœæ kultowego harrego pottera','74','2000','https://image.ceneostatic.pl/data/products/46228651/i-harry-potter-i-czara-ognia.jpg');
Insert into STUDENT.KSIAZKI (ID_KSIAZKI,TYTUL,ID_WYDAWNICTWA,OPIS,OCENA,ROK_WYDANIA,IMG_URL) values ('61','Staroœæ Aksolotla','22','brak opisu','75','2019','https://www.wydawnictwoliterackie.pl/resources/1/Dukaj_Starosc%20Aksolotla_m.jpg');
Insert into STUDENT.KSIAZKI (ID_KSIAZKI,TYTUL,ID_WYDAWNICTWA,OPIS,OCENA,ROK_WYDANIA,IMG_URL) values ('62','Wroniec','1','brak opisu','75','2019','https://ecsmedia.pl/c/wroniec-b-iext43151970.jpg');
Insert into STUDENT.KSIAZKI (ID_KSIAZKI,TYTUL,ID_WYDAWNICTWA,OPIS,OCENA,ROK_WYDANIA,IMG_URL) values ('63','Lód','22','brak opisu','67','2007','https://ecsmedia.pl/c/lod-w-iext43149655.jpg');
Insert into STUDENT.KSIAZKI (ID_KSIAZKI,TYTUL,ID_WYDAWNICTWA,OPIS,OCENA,ROK_WYDANIA,IMG_URL) values ('64','Extensa','22','brak opisu','66','2002','https://ecsmedia.pl/c/extensa-b-iext43727780.jpg');
Insert into STUDENT.KSIAZKI (ID_KSIAZKI,TYTUL,ID_WYDAWNICTWA,OPIS,OCENA,ROK_WYDANIA,IMG_URL) values ('21','Harry Potter i Komnata Tajemnic','1','harry potter czêœæ 2','73','1998','https://image.ceneostatic.pl/data/products/1646759/i-harry-potter-i-komnata-tajemnic.jpg');
Insert into STUDENT.KSIAZKI (ID_KSIAZKI,TYTUL,ID_WYDAWNICTWA,OPIS,OCENA,ROK_WYDANIA,IMG_URL) values ('22','Harry Potter i wiêzieñ Azkabanu','1','harry potter czêœæ 3','83','1999','https://image.ceneostatic.pl/data/products/45863470/i-harry-potter-i-wiezien-azkabanu.jpg');
Insert into STUDENT.KSIAZKI (ID_KSIAZKI,TYTUL,ID_WYDAWNICTWA,OPIS,OCENA,ROK_WYDANIA,IMG_URL) values ('23','Wladca Pierœcieni Bractwo Pierœcienia','1','wadca pierœcieni tom 1','90','1961','https://ecsmedia.pl/c/bractwo-pierscienia-wladca-pierscieni-tom-1-wersja-ilustrowana-w-iext51375161.jpg');
Insert into STUDENT.KSIAZKI (ID_KSIAZKI,TYTUL,ID_WYDAWNICTWA,OPIS,OCENA,ROK_WYDANIA,IMG_URL) values ('24','Wladca Pierœcieni Dwie Wie¿e','1','wadca pierœcieni tom 2','87','1962','https://www.swiatksiazki.pl/media/catalog/product/cache/a946e6dbdb55333e1c3d566a3e38b923/x/4/x499906363704.jpg');
Insert into STUDENT.KSIAZKI (ID_KSIAZKI,TYTUL,ID_WYDAWNICTWA,OPIS,OCENA,ROK_WYDANIA,IMG_URL) values ('25','Wladca Pierœcieni Powrót Króla','1','wladca pierœcieni tom 3','95','1965','https://image.ceneostatic.pl/data/products/71478513/i-powrot-krola-wladca-pierscieni-tom-3-j-r-r-tolkien-ksiazka.jpg');
REM INSERTING into STUDENT.KSIAZKI_AUTORZY
SET DEFINE OFF;
Insert into STUDENT.KSIAZKI_AUTORZY (ID_KSIAZKI,ID_AUTORA) values ('41','1');
Insert into STUDENT.KSIAZKI_AUTORZY (ID_KSIAZKI,ID_AUTORA) values ('62','21');
Insert into STUDENT.KSIAZKI_AUTORZY (ID_KSIAZKI,ID_AUTORA) values ('23','2');
Insert into STUDENT.KSIAZKI_AUTORZY (ID_KSIAZKI,ID_AUTORA) values ('22','1');
Insert into STUDENT.KSIAZKI_AUTORZY (ID_KSIAZKI,ID_AUTORA) values ('21','1');
Insert into STUDENT.KSIAZKI_AUTORZY (ID_KSIAZKI,ID_AUTORA) values ('2','1');
Insert into STUDENT.KSIAZKI_AUTORZY (ID_KSIAZKI,ID_AUTORA) values ('24','2');
Insert into STUDENT.KSIAZKI_AUTORZY (ID_KSIAZKI,ID_AUTORA) values ('61','21');
Insert into STUDENT.KSIAZKI_AUTORZY (ID_KSIAZKI,ID_AUTORA) values ('25','2');
Insert into STUDENT.KSIAZKI_AUTORZY (ID_KSIAZKI,ID_AUTORA) values ('64','21');
Insert into STUDENT.KSIAZKI_AUTORZY (ID_KSIAZKI,ID_AUTORA) values ('2','21');
Insert into STUDENT.KSIAZKI_AUTORZY (ID_KSIAZKI,ID_AUTORA) values ('63','41');
Insert into STUDENT.KSIAZKI_AUTORZY (ID_KSIAZKI,ID_AUTORA) values ('63','21');
REM INSERTING into STUDENT.KSIAZKI_KATEGORIE
SET DEFINE OFF;
Insert into STUDENT.KSIAZKI_KATEGORIE (ID_KSIAZKI,ID_KATEGORII) values ('62','1');
Insert into STUDENT.KSIAZKI_KATEGORIE (ID_KSIAZKI,ID_KATEGORII) values ('62','21');
Insert into STUDENT.KSIAZKI_KATEGORIE (ID_KSIAZKI,ID_KATEGORII) values ('25','1');
Insert into STUDENT.KSIAZKI_KATEGORIE (ID_KSIAZKI,ID_KATEGORII) values ('24','1');
Insert into STUDENT.KSIAZKI_KATEGORIE (ID_KSIAZKI,ID_KATEGORII) values ('61','21');
Insert into STUDENT.KSIAZKI_KATEGORIE (ID_KSIAZKI,ID_KATEGORII) values ('61','1');
Insert into STUDENT.KSIAZKI_KATEGORIE (ID_KSIAZKI,ID_KATEGORII) values ('64','1');
Insert into STUDENT.KSIAZKI_KATEGORIE (ID_KSIAZKI,ID_KATEGORII) values ('2','1');
Insert into STUDENT.KSIAZKI_KATEGORIE (ID_KSIAZKI,ID_KATEGORII) values ('63','1');
Insert into STUDENT.KSIAZKI_KATEGORIE (ID_KSIAZKI,ID_KATEGORII) values ('63','21');
REM INSERTING into STUDENT.PRACOWNICY
SET DEFINE OFF;
Insert into STUDENT.PRACOWNICY (ID_PRACOWNIKA,LOGIN,HASLO,IMIE,NAZWISKO,WYPLATA) values ('1','root','root','Magda','Ryba','3000');
Insert into STUDENT.PRACOWNICY (ID_PRACOWNIKA,LOGIN,HASLO,IMIE,NAZWISKO,WYPLATA) values ('42','jaki','123','Jan','Kowalski','2500');
Insert into STUDENT.PRACOWNICY (ID_PRACOWNIKA,LOGIN,HASLO,IMIE,NAZWISKO,WYPLATA) values ('61','maik','321','Marek','Tadzik','5000');
REM INSERTING into STUDENT.WYDAWNICTWA
SET DEFINE OFF;
Insert into STUDENT.WYDAWNICTWA (ID_WYDAWNICTWA,NAZWA) values ('1','Znak');
Insert into STUDENT.WYDAWNICTWA (ID_WYDAWNICTWA,NAZWA) values ('22','Wydawnictwo Literackie');
REM INSERTING into STUDENT.WYPOZYCZENIA
SET DEFINE OFF;
Insert into STUDENT.WYPOZYCZENIA (ID_WYPOZYCZENIA,DATA_WYPOZYCZENIA,ID_EGZEMPLARZA,ID_CZYTELNIKA,ID_PRACOWNIKA,ILOSC_PROLONGACJI,ODDANO,DATA_ZWROTU) values ('101',to_date('20/05/22','RR/MM/DD'),'42','2','1','0','1',null);
Insert into STUDENT.WYPOZYCZENIA (ID_WYPOZYCZENIA,DATA_WYPOZYCZENIA,ID_EGZEMPLARZA,ID_CZYTELNIKA,ID_PRACOWNIKA,ILOSC_PROLONGACJI,ODDANO,DATA_ZWROTU) values ('102',to_date('20/05/22','RR/MM/DD'),'25','2','1','2','1',to_date('20/07/05','RR/MM/DD'));
Insert into STUDENT.WYPOZYCZENIA (ID_WYPOZYCZENIA,DATA_WYPOZYCZENIA,ID_EGZEMPLARZA,ID_CZYTELNIKA,ID_PRACOWNIKA,ILOSC_PROLONGACJI,ODDANO,DATA_ZWROTU) values ('121',to_date('20/05/23','RR/MM/DD'),'45','21','1','2','1',to_date('20/07/06','RR/MM/DD'));
Insert into STUDENT.WYPOZYCZENIA (ID_WYPOZYCZENIA,DATA_WYPOZYCZENIA,ID_EGZEMPLARZA,ID_CZYTELNIKA,ID_PRACOWNIKA,ILOSC_PROLONGACJI,ODDANO,DATA_ZWROTU) values ('381',to_date('20/06/09','RR/MM/DD'),'45','21','1','1','0',to_date('20/07/16','RR/MM/DD'));
Insert into STUDENT.WYPOZYCZENIA (ID_WYPOZYCZENIA,DATA_WYPOZYCZENIA,ID_EGZEMPLARZA,ID_CZYTELNIKA,ID_PRACOWNIKA,ILOSC_PROLONGACJI,ODDANO,DATA_ZWROTU) values ('1',to_date('20/05/20','RR/MM/DD'),'1','1','1','3','1',to_date('20/07/10','RR/MM/DD'));
Insert into STUDENT.WYPOZYCZENIA (ID_WYPOZYCZENIA,DATA_WYPOZYCZENIA,ID_EGZEMPLARZA,ID_CZYTELNIKA,ID_PRACOWNIKA,ILOSC_PROLONGACJI,ODDANO,DATA_ZWROTU) values ('21',to_date('20/05/13','RR/MM/DD'),'21','2','1','3','1',to_date('20/07/03','RR/MM/DD'));
Insert into STUDENT.WYPOZYCZENIA (ID_WYPOZYCZENIA,DATA_WYPOZYCZENIA,ID_EGZEMPLARZA,ID_CZYTELNIKA,ID_PRACOWNIKA,ILOSC_PROLONGACJI,ODDANO,DATA_ZWROTU) values ('281',to_date('20/06/06','RR/MM/DD'),'62','4','1','1','1',to_date('20/07/13','RR/MM/DD'));
Insert into STUDENT.WYPOZYCZENIA (ID_WYPOZYCZENIA,DATA_WYPOZYCZENIA,ID_EGZEMPLARZA,ID_CZYTELNIKA,ID_PRACOWNIKA,ILOSC_PROLONGACJI,ODDANO,DATA_ZWROTU) values ('301',to_date('20/06/06','RR/MM/DD'),'41','3','1','1','0',to_date('20/07/13','RR/MM/DD'));
Insert into STUDENT.WYPOZYCZENIA (ID_WYPOZYCZENIA,DATA_WYPOZYCZENIA,ID_EGZEMPLARZA,ID_CZYTELNIKA,ID_PRACOWNIKA,ILOSC_PROLONGACJI,ODDANO,DATA_ZWROTU) values ('321',to_date('20/06/06','RR/MM/DD'),'42','1','1','3','0',to_date('20/07/27','RR/MM/DD'));
Insert into STUDENT.WYPOZYCZENIA (ID_WYPOZYCZENIA,DATA_WYPOZYCZENIA,ID_EGZEMPLARZA,ID_CZYTELNIKA,ID_PRACOWNIKA,ILOSC_PROLONGACJI,ODDANO,DATA_ZWROTU) values ('81',to_date('20/05/22','RR/MM/DD'),'46','3','1','1','1',null);
Insert into STUDENT.WYPOZYCZENIA (ID_WYPOZYCZENIA,DATA_WYPOZYCZENIA,ID_EGZEMPLARZA,ID_CZYTELNIKA,ID_PRACOWNIKA,ILOSC_PROLONGACJI,ODDANO,DATA_ZWROTU) values ('201',to_date('20/06/05','RR/MM/DD'),'44','1','1','1','0',to_date('20/07/12','RR/MM/DD'));
Insert into STUDENT.WYPOZYCZENIA (ID_WYPOZYCZENIA,DATA_WYPOZYCZENIA,ID_EGZEMPLARZA,ID_CZYTELNIKA,ID_PRACOWNIKA,ILOSC_PROLONGACJI,ODDANO,DATA_ZWROTU) values ('241',to_date('20/06/05','RR/MM/DD'),'46','21','1','1','0',to_date('20/07/12','RR/MM/DD'));
Insert into STUDENT.WYPOZYCZENIA (ID_WYPOZYCZENIA,DATA_WYPOZYCZENIA,ID_EGZEMPLARZA,ID_CZYTELNIKA,ID_PRACOWNIKA,ILOSC_PROLONGACJI,ODDANO,DATA_ZWROTU) values ('161',to_date('20/06/05','RR/MM/DD'),'45','21','1','1','1',to_date('20/07/12','RR/MM/DD'));
Insert into STUDENT.WYPOZYCZENIA (ID_WYPOZYCZENIA,DATA_WYPOZYCZENIA,ID_EGZEMPLARZA,ID_CZYTELNIKA,ID_PRACOWNIKA,ILOSC_PROLONGACJI,ODDANO,DATA_ZWROTU) values ('181',to_date('20/06/05','RR/MM/DD'),'1','1','1','0','1',to_date('20/07/05','RR/MM/DD'));
Insert into STUDENT.WYPOZYCZENIA (ID_WYPOZYCZENIA,DATA_WYPOZYCZENIA,ID_EGZEMPLARZA,ID_CZYTELNIKA,ID_PRACOWNIKA,ILOSC_PROLONGACJI,ODDANO,DATA_ZWROTU) values ('45',to_date('20/05/21','RR/MM/DD'),'41','1','1','3','1',to_date('20/06/11','RR/MM/DD'));
Insert into STUDENT.WYPOZYCZENIA (ID_WYPOZYCZENIA,DATA_WYPOZYCZENIA,ID_EGZEMPLARZA,ID_CZYTELNIKA,ID_PRACOWNIKA,ILOSC_PROLONGACJI,ODDANO,DATA_ZWROTU) values ('141',to_date('20/06/05','RR/MM/DD'),'46','2','1','1','1',to_date('20/07/12','RR/MM/DD'));
Insert into STUDENT.WYPOZYCZENIA (ID_WYPOZYCZENIA,DATA_WYPOZYCZENIA,ID_EGZEMPLARZA,ID_CZYTELNIKA,ID_PRACOWNIKA,ILOSC_PROLONGACJI,ODDANO,DATA_ZWROTU) values ('261',to_date('20/06/05','RR/MM/DD'),'64','21','1','2','0',to_date('20/07/19','RR/MM/DD'));
Insert into STUDENT.WYPOZYCZENIA (ID_WYPOZYCZENIA,DATA_WYPOZYCZENIA,ID_EGZEMPLARZA,ID_CZYTELNIKA,ID_PRACOWNIKA,ILOSC_PROLONGACJI,ODDANO,DATA_ZWROTU) values ('341',to_date('20/06/09','RR/MM/DD'),'61','4','1','1','0',to_date('20/07/16','RR/MM/DD'));
Insert into STUDENT.WYPOZYCZENIA (ID_WYPOZYCZENIA,DATA_WYPOZYCZENIA,ID_EGZEMPLARZA,ID_CZYTELNIKA,ID_PRACOWNIKA,ILOSC_PROLONGACJI,ODDANO,DATA_ZWROTU) values ('361',to_date('20/06/09','RR/MM/DD'),'22','21','1','2','0',to_date('20/07/23','RR/MM/DD'));
--------------------------------------------------------
--  DDL for Index WYPOZYCZENIA_PK
--------------------------------------------------------

  CREATE UNIQUE INDEX "STUDENT"."WYPOZYCZENIA_PK" ON "STUDENT"."WYPOZYCZENIA" ("ID_WYPOZYCZENIA") 
  PCTFREE 10 INITRANS 2 MAXTRANS 255 COMPUTE STATISTICS 
  STORAGE(INITIAL 65536 NEXT 1048576 MINEXTENTS 1 MAXEXTENTS 2147483645
  PCTINCREASE 0 FREELISTS 1 FREELIST GROUPS 1
  BUFFER_POOL DEFAULT FLASH_CACHE DEFAULT CELL_FLASH_CACHE DEFAULT)
  TABLESPACE "TMP_2K" ;
--------------------------------------------------------
--  DDL for Index EGZEMPLARZE_PK
--------------------------------------------------------

  CREATE UNIQUE INDEX "STUDENT"."EGZEMPLARZE_PK" ON "STUDENT"."EGZEMPLARZE" ("ID_EGZEMPLARZA") 
  PCTFREE 10 INITRANS 2 MAXTRANS 255 COMPUTE STATISTICS 
  STORAGE(INITIAL 65536 NEXT 1048576 MINEXTENTS 1 MAXEXTENTS 2147483645
  PCTINCREASE 0 FREELISTS 1 FREELIST GROUPS 1
  BUFFER_POOL DEFAULT FLASH_CACHE DEFAULT CELL_FLASH_CACHE DEFAULT)
  TABLESPACE "TMP_2K" ;
--------------------------------------------------------
--  DDL for Index KSIAZKI_PK
--------------------------------------------------------

  CREATE UNIQUE INDEX "STUDENT"."KSIAZKI_PK" ON "STUDENT"."KSIAZKI" ("ID_KSIAZKI") 
  PCTFREE 10 INITRANS 2 MAXTRANS 255 COMPUTE STATISTICS 
  STORAGE(INITIAL 65536 NEXT 1048576 MINEXTENTS 1 MAXEXTENTS 2147483645
  PCTINCREASE 0 FREELISTS 1 FREELIST GROUPS 1
  BUFFER_POOL DEFAULT FLASH_CACHE DEFAULT CELL_FLASH_CACHE DEFAULT)
  TABLESPACE "TMP_2K" ;
--------------------------------------------------------
--  DDL for Index WYDAWNICTWA_PK
--------------------------------------------------------

  CREATE UNIQUE INDEX "STUDENT"."WYDAWNICTWA_PK" ON "STUDENT"."WYDAWNICTWA" ("ID_WYDAWNICTWA") 
  PCTFREE 10 INITRANS 2 MAXTRANS 255 COMPUTE STATISTICS 
  STORAGE(INITIAL 65536 NEXT 1048576 MINEXTENTS 1 MAXEXTENTS 2147483645
  PCTINCREASE 0 FREELISTS 1 FREELIST GROUPS 1
  BUFFER_POOL DEFAULT FLASH_CACHE DEFAULT CELL_FLASH_CACHE DEFAULT)
  TABLESPACE "TMP_2K" ;
--------------------------------------------------------
--  DDL for Index KATEGORIE_PK
--------------------------------------------------------

  CREATE UNIQUE INDEX "STUDENT"."KATEGORIE_PK" ON "STUDENT"."KATEGORIE" ("ID_KATEGORII") 
  PCTFREE 10 INITRANS 2 MAXTRANS 255 COMPUTE STATISTICS 
  STORAGE(INITIAL 65536 NEXT 1048576 MINEXTENTS 1 MAXEXTENTS 2147483645
  PCTINCREASE 0 FREELISTS 1 FREELIST GROUPS 1
  BUFFER_POOL DEFAULT FLASH_CACHE DEFAULT CELL_FLASH_CACHE DEFAULT)
  TABLESPACE "TMP_2K" ;
--------------------------------------------------------
--  DDL for Index AUTORZY_PK
--------------------------------------------------------

  CREATE UNIQUE INDEX "STUDENT"."AUTORZY_PK" ON "STUDENT"."AUTORZY" ("ID_AUTORA") 
  PCTFREE 10 INITRANS 2 MAXTRANS 255 COMPUTE STATISTICS 
  STORAGE(INITIAL 65536 NEXT 1048576 MINEXTENTS 1 MAXEXTENTS 2147483645
  PCTINCREASE 0 FREELISTS 1 FREELIST GROUPS 1
  BUFFER_POOL DEFAULT FLASH_CACHE DEFAULT CELL_FLASH_CACHE DEFAULT)
  TABLESPACE "TMP_2K" ;
--------------------------------------------------------
--  DDL for Index PRACOWWNICY_PK
--------------------------------------------------------

  CREATE UNIQUE INDEX "STUDENT"."PRACOWWNICY_PK" ON "STUDENT"."PRACOWNICY" ("ID_PRACOWNIKA") 
  PCTFREE 10 INITRANS 2 MAXTRANS 255 COMPUTE STATISTICS 
  STORAGE(INITIAL 65536 NEXT 1048576 MINEXTENTS 1 MAXEXTENTS 2147483645
  PCTINCREASE 0 FREELISTS 1 FREELIST GROUPS 1
  BUFFER_POOL DEFAULT FLASH_CACHE DEFAULT CELL_FLASH_CACHE DEFAULT)
  TABLESPACE "TMP_2K" ;
--------------------------------------------------------
--  DDL for Index CZYTELNICY_PK
--------------------------------------------------------

  CREATE UNIQUE INDEX "STUDENT"."CZYTELNICY_PK" ON "STUDENT"."CZYTELNICY" ("ID_CZYTELNIKA") 
  PCTFREE 10 INITRANS 2 MAXTRANS 255 COMPUTE STATISTICS 
  STORAGE(INITIAL 65536 NEXT 1048576 MINEXTENTS 1 MAXEXTENTS 2147483645
  PCTINCREASE 0 FREELISTS 1 FREELIST GROUPS 1
  BUFFER_POOL DEFAULT FLASH_CACHE DEFAULT CELL_FLASH_CACHE DEFAULT)
  TABLESPACE "TMP_2K" ;
--------------------------------------------------------
--  Constraints for Table WYPOZYCZENIA
--------------------------------------------------------

  ALTER TABLE "STUDENT"."WYPOZYCZENIA" MODIFY ("ID_WYPOZYCZENIA" NOT NULL ENABLE);
  ALTER TABLE "STUDENT"."WYPOZYCZENIA" ADD CONSTRAINT "WYPOZYCZENIA_PK" PRIMARY KEY ("ID_WYPOZYCZENIA")
  USING INDEX PCTFREE 10 INITRANS 2 MAXTRANS 255 COMPUTE STATISTICS 
  STORAGE(INITIAL 65536 NEXT 1048576 MINEXTENTS 1 MAXEXTENTS 2147483645
  PCTINCREASE 0 FREELISTS 1 FREELIST GROUPS 1
  BUFFER_POOL DEFAULT FLASH_CACHE DEFAULT CELL_FLASH_CACHE DEFAULT)
  TABLESPACE "TMP_2K"  ENABLE;
--------------------------------------------------------
--  Constraints for Table CZYTELNICY
--------------------------------------------------------

  ALTER TABLE "STUDENT"."CZYTELNICY" MODIFY ("ID_CZYTELNIKA" NOT NULL ENABLE);
  ALTER TABLE "STUDENT"."CZYTELNICY" ADD CONSTRAINT "CZYTELNICY_PK" PRIMARY KEY ("ID_CZYTELNIKA")
  USING INDEX PCTFREE 10 INITRANS 2 MAXTRANS 255 COMPUTE STATISTICS 
  STORAGE(INITIAL 65536 NEXT 1048576 MINEXTENTS 1 MAXEXTENTS 2147483645
  PCTINCREASE 0 FREELISTS 1 FREELIST GROUPS 1
  BUFFER_POOL DEFAULT FLASH_CACHE DEFAULT CELL_FLASH_CACHE DEFAULT)
  TABLESPACE "TMP_2K"  ENABLE;
--------------------------------------------------------
--  Constraints for Table KSIAZKI_KATEGORIE
--------------------------------------------------------

  ALTER TABLE "STUDENT"."KSIAZKI_KATEGORIE" MODIFY ("ID_KSIAZKI" NOT NULL ENABLE);
  ALTER TABLE "STUDENT"."KSIAZKI_KATEGORIE" MODIFY ("ID_KATEGORII" NOT NULL ENABLE);
--------------------------------------------------------
--  Constraints for Table KSIAZKI_AUTORZY
--------------------------------------------------------

  ALTER TABLE "STUDENT"."KSIAZKI_AUTORZY" MODIFY ("ID_KSIAZKI" NOT NULL ENABLE);
  ALTER TABLE "STUDENT"."KSIAZKI_AUTORZY" MODIFY ("ID_AUTORA" NOT NULL ENABLE);
--------------------------------------------------------
--  Constraints for Table KSIAZKI
--------------------------------------------------------

  ALTER TABLE "STUDENT"."KSIAZKI" MODIFY ("ID_KSIAZKI" NOT NULL ENABLE);
  ALTER TABLE "STUDENT"."KSIAZKI" ADD CONSTRAINT "KSIAZKI_PK" PRIMARY KEY ("ID_KSIAZKI")
  USING INDEX PCTFREE 10 INITRANS 2 MAXTRANS 255 COMPUTE STATISTICS 
  STORAGE(INITIAL 65536 NEXT 1048576 MINEXTENTS 1 MAXEXTENTS 2147483645
  PCTINCREASE 0 FREELISTS 1 FREELIST GROUPS 1
  BUFFER_POOL DEFAULT FLASH_CACHE DEFAULT CELL_FLASH_CACHE DEFAULT)
  TABLESPACE "TMP_2K"  ENABLE;
--------------------------------------------------------
--  Constraints for Table EGZEMPLARZE
--------------------------------------------------------

  ALTER TABLE "STUDENT"."EGZEMPLARZE" MODIFY ("ID_EGZEMPLARZA" NOT NULL ENABLE);
  ALTER TABLE "STUDENT"."EGZEMPLARZE" ADD CONSTRAINT "EGZEMPLARZE_PK" PRIMARY KEY ("ID_EGZEMPLARZA")
  USING INDEX PCTFREE 10 INITRANS 2 MAXTRANS 255 COMPUTE STATISTICS 
  STORAGE(INITIAL 65536 NEXT 1048576 MINEXTENTS 1 MAXEXTENTS 2147483645
  PCTINCREASE 0 FREELISTS 1 FREELIST GROUPS 1
  BUFFER_POOL DEFAULT FLASH_CACHE DEFAULT CELL_FLASH_CACHE DEFAULT)
  TABLESPACE "TMP_2K"  ENABLE;
--------------------------------------------------------
--  Constraints for Table AUTORZY
--------------------------------------------------------

  ALTER TABLE "STUDENT"."AUTORZY" MODIFY ("ID_AUTORA" NOT NULL ENABLE);
  ALTER TABLE "STUDENT"."AUTORZY" ADD CONSTRAINT "AUTORZY_PK" PRIMARY KEY ("ID_AUTORA")
  USING INDEX PCTFREE 10 INITRANS 2 MAXTRANS 255 COMPUTE STATISTICS 
  STORAGE(INITIAL 65536 NEXT 1048576 MINEXTENTS 1 MAXEXTENTS 2147483645
  PCTINCREASE 0 FREELISTS 1 FREELIST GROUPS 1
  BUFFER_POOL DEFAULT FLASH_CACHE DEFAULT CELL_FLASH_CACHE DEFAULT)
  TABLESPACE "TMP_2K"  ENABLE;
--------------------------------------------------------
--  Constraints for Table PRACOWNICY
--------------------------------------------------------

  ALTER TABLE "STUDENT"."PRACOWNICY" MODIFY ("ID_PRACOWNIKA" NOT NULL ENABLE);
  ALTER TABLE "STUDENT"."PRACOWNICY" MODIFY ("HASLO" NOT NULL ENABLE);
  ALTER TABLE "STUDENT"."PRACOWNICY" MODIFY ("IMIE" NOT NULL ENABLE);
  ALTER TABLE "STUDENT"."PRACOWNICY" MODIFY ("NAZWISKO" NOT NULL ENABLE);
  ALTER TABLE "STUDENT"."PRACOWNICY" MODIFY ("WYPLATA" NOT NULL ENABLE);
  ALTER TABLE "STUDENT"."PRACOWNICY" ADD CONSTRAINT "PRACOWWNICY_PK" PRIMARY KEY ("ID_PRACOWNIKA")
  USING INDEX PCTFREE 10 INITRANS 2 MAXTRANS 255 COMPUTE STATISTICS 
  STORAGE(INITIAL 65536 NEXT 1048576 MINEXTENTS 1 MAXEXTENTS 2147483645
  PCTINCREASE 0 FREELISTS 1 FREELIST GROUPS 1
  BUFFER_POOL DEFAULT FLASH_CACHE DEFAULT CELL_FLASH_CACHE DEFAULT)
  TABLESPACE "TMP_2K"  ENABLE;
--------------------------------------------------------
--  Constraints for Table KATEGORIE
--------------------------------------------------------

  ALTER TABLE "STUDENT"."KATEGORIE" MODIFY ("ID_KATEGORII" NOT NULL ENABLE);
  ALTER TABLE "STUDENT"."KATEGORIE" ADD CONSTRAINT "KATEGORIE_PK" PRIMARY KEY ("ID_KATEGORII")
  USING INDEX PCTFREE 10 INITRANS 2 MAXTRANS 255 COMPUTE STATISTICS 
  STORAGE(INITIAL 65536 NEXT 1048576 MINEXTENTS 1 MAXEXTENTS 2147483645
  PCTINCREASE 0 FREELISTS 1 FREELIST GROUPS 1
  BUFFER_POOL DEFAULT FLASH_CACHE DEFAULT CELL_FLASH_CACHE DEFAULT)
  TABLESPACE "TMP_2K"  ENABLE;
--------------------------------------------------------
--  Constraints for Table WYDAWNICTWA
--------------------------------------------------------

  ALTER TABLE "STUDENT"."WYDAWNICTWA" MODIFY ("ID_WYDAWNICTWA" NOT NULL ENABLE);
  ALTER TABLE "STUDENT"."WYDAWNICTWA" ADD CONSTRAINT "WYDAWNICTWA_PK" PRIMARY KEY ("ID_WYDAWNICTWA")
  USING INDEX PCTFREE 10 INITRANS 2 MAXTRANS 255 COMPUTE STATISTICS 
  STORAGE(INITIAL 65536 NEXT 1048576 MINEXTENTS 1 MAXEXTENTS 2147483645
  PCTINCREASE 0 FREELISTS 1 FREELIST GROUPS 1
  BUFFER_POOL DEFAULT FLASH_CACHE DEFAULT CELL_FLASH_CACHE DEFAULT)
  TABLESPACE "TMP_2K"  ENABLE;
--------------------------------------------------------
--  Ref Constraints for Table EGZEMPLARZE
--------------------------------------------------------

  ALTER TABLE "STUDENT"."EGZEMPLARZE" ADD CONSTRAINT "FK_EGZEMPLARZE" FOREIGN KEY ("ID_KSIAZKI")
	  REFERENCES "STUDENT"."KSIAZKI" ("ID_KSIAZKI") ON DELETE SET NULL ENABLE;
--------------------------------------------------------
--  Ref Constraints for Table KSIAZKI
--------------------------------------------------------

  ALTER TABLE "STUDENT"."KSIAZKI" ADD CONSTRAINT "FK_WYDAWNICTWA" FOREIGN KEY ("ID_WYDAWNICTWA")
	  REFERENCES "STUDENT"."WYDAWNICTWA" ("ID_WYDAWNICTWA") ON DELETE SET NULL ENABLE;
--------------------------------------------------------
--  Ref Constraints for Table KSIAZKI_AUTORZY
--------------------------------------------------------

  ALTER TABLE "STUDENT"."KSIAZKI_AUTORZY" ADD CONSTRAINT "FK_AUTORZYKSIAZEK" FOREIGN KEY ("ID_AUTORA")
	  REFERENCES "STUDENT"."AUTORZY" ("ID_AUTORA") ON DELETE SET NULL ENABLE;
  ALTER TABLE "STUDENT"."KSIAZKI_AUTORZY" ADD CONSTRAINT "FK_AUTORZYKSIAZEK2" FOREIGN KEY ("ID_KSIAZKI")
	  REFERENCES "STUDENT"."KSIAZKI" ("ID_KSIAZKI") ON DELETE SET NULL ENABLE;
--------------------------------------------------------
--  Ref Constraints for Table KSIAZKI_KATEGORIE
--------------------------------------------------------

  ALTER TABLE "STUDENT"."KSIAZKI_KATEGORIE" ADD CONSTRAINT "FK_KATEGORIEKSIAZEK" FOREIGN KEY ("ID_KATEGORII")
	  REFERENCES "STUDENT"."KATEGORIE" ("ID_KATEGORII") ON DELETE SET NULL ENABLE;
  ALTER TABLE "STUDENT"."KSIAZKI_KATEGORIE" ADD CONSTRAINT "FK_KATEGORIEKSIAZEK2" FOREIGN KEY ("ID_KSIAZKI")
	  REFERENCES "STUDENT"."KSIAZKI" ("ID_KSIAZKI") ON DELETE SET NULL ENABLE;
--------------------------------------------------------
--  Ref Constraints for Table WYPOZYCZENIA
--------------------------------------------------------

  ALTER TABLE "STUDENT"."WYPOZYCZENIA" ADD CONSTRAINT "FK_WYPOZYCZENIACZYTELNICY" FOREIGN KEY ("ID_CZYTELNIKA")
	  REFERENCES "STUDENT"."CZYTELNICY" ("ID_CZYTELNIKA") ON DELETE SET NULL ENABLE;
  ALTER TABLE "STUDENT"."WYPOZYCZENIA" ADD CONSTRAINT "FK_WYPOZYCZENIAEGZEMPLARZE" FOREIGN KEY ("ID_EGZEMPLARZA")
	  REFERENCES "STUDENT"."EGZEMPLARZE" ("ID_EGZEMPLARZA") ON DELETE SET NULL ENABLE;
  ALTER TABLE "STUDENT"."WYPOZYCZENIA" ADD CONSTRAINT "FK_WYPOZYCZENIAPRACOWNICY" FOREIGN KEY ("ID_PRACOWNIKA")
	  REFERENCES "STUDENT"."PRACOWNICY" ("ID_PRACOWNIKA") ON DELETE SET NULL ENABLE;
--------------------------------------------------------
--  DDL for Trigger CALCULATEDATE
--------------------------------------------------------

  CREATE OR REPLACE EDITIONABLE TRIGGER "STUDENT"."CALCULATEDATE" 
before update ON wypozyczenia 
for each row
declare
  nowa_data date;
begin
  nowa_data:=:old.data_wypozyczenia;
  nowa_data:=nowa_data+30+(:new.ilosc_prolongacji*7);
  :new.data_zwrotu:=nowa_data;
  dbms_output.put_line('data: '||nowa_data);
end;
/
ALTER TRIGGER "STUDENT"."CALCULATEDATE" ENABLE;
--------------------------------------------------------
--  DDL for Trigger FIRSTCALCULATEDATE
--------------------------------------------------------

  CREATE OR REPLACE EDITIONABLE TRIGGER "STUDENT"."FIRSTCALCULATEDATE" 
before insert ON wypozyczenia 
for each row
declare
  nowa_data date;
begin
  nowa_data:=SYSDATE;
  nowa_data:=nowa_data+30;
  :new.data_zwrotu:=nowa_data;
end;
/
ALTER TRIGGER "STUDENT"."FIRSTCALCULATEDATE" ENABLE;
--------------------------------------------------------
--  DDL for Trigger GENERATELOGIN
--------------------------------------------------------

  CREATE OR REPLACE EDITIONABLE TRIGGER "STUDENT"."GENERATELOGIN" 
BEFORE INSERT ON PRACOWNICY 
for each row
declare
  nazwa varchar2(20);
begin
  nazwa:=concat(substr(:new.imie,0,2),substr(:new.nazwisko,-2,2));
  :new.login:=lower(nazwa);
  dbms_output.put_line('login: '||nazwa);
end;
/
ALTER TRIGGER "STUDENT"."GENERATELOGIN" ENABLE;
--------------------------------------------------------
--  DDL for Function F_WYPLATY
--------------------------------------------------------

  CREATE OR REPLACE EDITIONABLE FUNCTION "STUDENT"."F_WYPLATY" 
  return SYS_REFCURSOR
as
  my_cursor SYS_REFCURSOR;
  mediana NUMBER;
  squery varchar2(500);
begin
  squery:='select median(wyplata) as mediana,avg(wyplata) as avg,StdDev(wyplata) as odchylenie,sum(wyplata) as sum from pracownicy';
  open my_cursor for squery;
  return my_cursor;
END f_wyplaty;

/
--------------------------------------------------------
--  DDL for Package TOPKSIAZEK
--------------------------------------------------------

  CREATE OR REPLACE EDITIONABLE PACKAGE "STUDENT"."TOPKSIAZEK" AS
PROCEDURE top_ksiazek (ksiazki OUT SYS_REFCURSOR);
END topksiazek;

/
--------------------------------------------------------
--  DDL for Package Body TOPKSIAZEK
--------------------------------------------------------

  CREATE OR REPLACE EDITIONABLE PACKAGE BODY "STUDENT"."TOPKSIAZEK" AS
PROCEDURE top_ksiazek (ksiazki OUT SYS_REFCURSOR) AS
BEGIN
OPEN ksiazki FOR
Select * from ksiazki where rownum<=6 order by ocena desc;
END top_ksiazek;
END topksiazek;

/
--------------------------------------------------------
--  DDL for Procedure PR_WYPLATY
--------------------------------------------------------
set define off;

  CREATE OR REPLACE EDITIONABLE PROCEDURE "STUDENT"."PR_WYPLATY" is
  mediana NUMBER;
begin
  select median(wyplata)
  into mediana
  from pracownicy;
  dbms_output.put_line(mediana);
END pr_wyplaty;

/
